Model,Train_set,Test_set,R²,RMSE,MAE
XGBoost,dft,dft,0.6271630238095194,0.5227483816811567,0.374300698692424
