Model,Error_Type,Train_set,Test_set,R²,RMSE,MAE
Direct Mix XGBoost,Train,mix,mix,0.7800551244615741,0.39776000837519404,0.19205665233111194
Direct Mix XGBoost,Test,mix,dft,0.6834488074316336,0.48158167459523293,0.3428021172353006
Direct Mix XGBoost,Test,mix,exp,0.1452623441265617,0.7327747244270048,0.5807798059266857
Direct Mix XGBoost,Test,mix,mix,0.46042484704272446,0.6116116903411452,0.45714486978163066
