Model,Error_Type,Train_set,Test_set,R²,RMSE,MAE
XGBoost,Train,dft,dft,0.9985460654600785,0.03209215902811833,0.023502531793186166
XGBoost,Test,dft,dft,0.6493114223384808,0.5069837259201578,0.36776412125910884
