Model,Error_Type,Train_set,Test_set,R²,RMSE,MAE
Self Learning XGBoost,Train,mix,mix,0.9913549524007707,0.07909732567044117,0.055257681849406916
Self Learning XGBoost,Test,mix,dft,0.6784950553804892,0.48533521478284014,0.3473438300211033
Self Learning XGBoost,Test,mix,exp,0.34609533766547107,0.6409310020202692,0.4707659728939717
Self Learning XGBoost,Test,mix,mix,0.5500377674825025,0.5585188538323529,0.4024058265998603
