Model,Error_Type,Train_set,Test_set,R²,RMSE,MAE
Self Learning XGBoost,Train,mix,mix,0.9797950623122865,0.10889077162648365,0.0814102590206583
Self Learning XGBoost,Test,mix,dft,0.23513579626904646,0.7485833160073477,0.5351867836190752
Self Learning XGBoost,Test,mix,exp,0.7395100544123917,0.40452889167989386,0.2891456838948095
Self Learning XGBoost,Test,mix,mix,0.5049639393727874,0.5858254363448093,0.4008712005863078
