Model,Error_Type,Train_set,Test_set,R²,RMSE,MAE
Stacking XGBoost,Train,meta,meta,0.9896790864871129,0.08159008895619846,0.04585659548007903
Stacking XGBoost,Test,meta,dft,0.12933828757439836,0.7986797970117477,0.6353173149196434
Stacking XGBoost,Test,meta,exp,0.7300971503867243,0.41177293413542154,0.29755717479826044
Stacking XGBoost,Test,meta,mix,0.45465980580423493,0.6148703637263915,0.4477060439949872
