Model,Error_Type,Train_set,Test_set,R²,RMSE,MAE
Stacking XGBoost,Train,meta,meta,0.9855273034273743,0.09078500352376077,0.05133010227842764
Stacking XGBoost,Test,meta,dft,0.14168700346618313,0.7931513226488041,0.6367951282094113
Stacking XGBoost,Test,meta,exp,0.6680918529051844,0.4319331436046836,0.3062184217260845
Stacking XGBoost,Test,meta,mix,0.3730659644309232,0.6282880329304088,0.4631214721553718
